file,header,seq_len,query_len,edits,re_time,re_mem,shiftor_time,shiftor_mem,levenshtein_time,levenshtein_mem
dna_high_gc_len100_0.fasta,dna|high_gc|len100|i0,100,20,0,0.00017900002421811223,63410176,0.0014377000043168664,63414272,0.003841000027023256,63422464
dna_high_gc_len100_0.fasta,dna|high_gc|len100|i0,100,20,1,0.00019270001212134957,63426560,0.0014724000357091427,63426560,0.00431739998748526,63426560
dna_high_gc_len100_0.fasta,dna|high_gc|len100|i0,100,20,2,0.0001894999877549708,63426560,0.0014451000024564564,63426560,0.0046527000376954675,63426560
dna_high_gc_len100_0.fasta,dna|high_gc|len100|i0,100,20,3,0.00018089998047798872,63430656,0.002592100005131215,63430656,0.0056650000042282045,63430656
dna_high_gc_len100_0.fasta,dna|high_gc|len100|i0,100,20,4,0.00019109999993816018,63434752,0.002257999964058399,63434752,0.005389099998865277,63434752
dna_high_gc_len100_0.fasta,dna|high_gc|len100|i0,100,20,5,0.00018280005315318704,63434752,0.001447899965569377,63434752,0.005954399995971471,63434752
dna_high_gc_len100_0.fasta,dna|high_gc|len100|i0,100,20,0,0.0002442999975755811,63434752,0.003397699969355017,63434752,0.004808800003957003,63434752
dna_high_gc_len100_0.fasta,dna|high_gc|len100|i0,100,20,1,0.0001700000138953328,63434752,0.0013866000226698816,63434752,0.005919399962294847,63434752
dna_high_gc_len100_0.fasta,dna|high_gc|len100|i0,100,20,2,0.0002232000115327537,63438848,0.0033266000100411475,63438848,0.008448700013104826,63438848
dna_high_gc_len100_0.fasta,dna|high_gc|len100|i0,100,20,3,0.00019569997675716877,63438848,0.0014536000089719892,63438848,0.006494299974292517,63438848
dna_high_gc_len100_0.fasta,dna|high_gc|len100|i0,100,20,4,0.0001947000273503363,63438848,0.0014721000334247947,63438848,0.007953900028951466,63438848
dna_high_gc_len100_0.fasta,dna|high_gc|len100|i0,100,20,5,0.00027650000993162394,63438848,0.001429299998562783,63438848,0.005926200014073402,63438848
dna_high_gc_len100_0.fasta,dna|high_gc|len100|i0,100,20,0,0.00018929998623207211,63438848,0.0019463000353425741,63438848,0.003853800008073449,63438848
dna_high_gc_len100_0.fasta,dna|high_gc|len100|i0,100,20,1,0.00021009996999055147,63447040,0.0014337999746203423,63447040,0.005243899999186397,63447040
dna_high_gc_len100_0.fasta,dna|high_gc|len100|i0,100,20,2,0.00018879998242482543,63447040,0.0017028999864123762,63447040,0.004821799986530095,63447040
dna_high_gc_len100_0.fasta,dna|high_gc|len100|i0,100,20,3,0.00021809997269883752,63447040,0.00216159998672083,63447040,0.00724199996329844,63447040
dna_high_gc_len100_0.fasta,dna|high_gc|len100|i0,100,20,4,0.000221800000872463,63451136,0.0015758000081405044,63451136,0.009421100025065243,63451136
dna_high_gc_len100_0.fasta,dna|high_gc|len100|i0,100,20,5,0.0002510999911464751,63451136,0.0028641000390052795,63451136,0.0067977000144310296,63451136
dna_high_gc_len100_0.fasta,dna|high_gc|len100|i0,100,50,0,0.00023310002870857716,63451136,0.0016772000235505402,63451136,0.005526499997358769,63451136
dna_high_gc_len100_0.fasta,dna|high_gc|len100|i0,100,50,1,0.00022519996855407953,63451136,0.0023475000052712858,63451136,0.008084800036158413,63451136
dna_high_gc_len100_0.fasta,dna|high_gc|len100|i0,100,50,2,0.0002182999742217362,63451136,0.0018146000220440328,63451136,0.007272400020156056,63451136
dna_high_gc_len100_0.fasta,dna|high_gc|len100|i0,100,50,3,0.0003014000249095261,63455232,0.0023967999732121825,63455232,0.00933549995534122,63459328
dna_high_gc_len100_0.fasta,dna|high_gc|len100|i0,100,50,4,0.0002270000404678285,63463424,0.0024630000116303563,63463424,0.012092599994502962,63463424
dna_high_gc_len100_0.fasta,dna|high_gc|len100|i0,100,50,5,0.0002597999991849065,63463424,0.0021938999998383224,63463424,0.01044540002476424,63463424
dna_high_gc_len100_0.fasta,dna|high_gc|len100|i0,100,50,0,0.00030099996365606785,63463424,0.0016344999894499779,63463424,0.00549240002874285,63463424
dna_high_gc_len100_0.fasta,dna|high_gc|len100|i0,100,50,1,0.00022170000011101365,63463424,0.001686000032350421,63463424,0.006390399998053908,63463424
dna_high_gc_len100_0.fasta,dna|high_gc|len100|i0,100,50,2,0.00021860003471374512,63463424,0.0016913999570533633,63463424,0.007331400003749877,63463424
dna_high_gc_len100_0.fasta,dna|high_gc|len100|i0,100,50,3,0.00022529996931552887,63463424,0.001694000035058707,63463424,0.008941899985074997,63463424
dna_high_gc_len100_0.fasta,dna|high_gc|len100|i0,100,50,4,0.0002180000301450491,63463424,0.0016881999908946455,63463424,0.009989099984522909,63463424
dna_high_gc_len100_0.fasta,dna|high_gc|len100|i0,100,50,5,0.0002261999761685729,63463424,0.0016747000045143068,63463424,0.0096186000155285,63463424
dna_high_gc_len100_0.fasta,dna|high_gc|len100|i0,100,50,0,0.0003326000296510756,63463424,0.002438299998175353,63463424,0.007014399976469576,63463424
dna_high_gc_len100_0.fasta,dna|high_gc|len100|i0,100,50,1,0.0002570999786257744,63463424,0.001774699951056391,63463424,0.006498500006273389,63467520
dna_high_gc_len100_0.fasta,dna|high_gc|len100|i0,100,50,2,0.00022820004960522056,63467520,0.001740999985486269,63467520,0.00798280001617968,63467520
dna_high_gc_len100_0.fasta,dna|high_gc|len100|i0,100,50,3,0.00021769996965304017,63467520,0.0016493000439368188,63467520,0.009262799983844161,63467520
dna_high_gc_len100_0.fasta,dna|high_gc|len100|i0,100,50,4,0.00021250004647299647,63467520,0.001646700024139136,63467520,0.009299000026658177,63467520
dna_high_gc_len100_0.fasta,dna|high_gc|len100|i0,100,50,5,0.00043890002416446805,63467520,0.0016709999763406813,63467520,0.011981600022409111,63467520
dna_high_gc_len500_0.fasta,dna|high_gc|len500|i0,500,20,0,0.000206699944101274,63467520,0.00771019997773692,63467520,0.021735599962994456,63467520
dna_high_gc_len500_0.fasta,dna|high_gc|len500|i0,500,20,1,0.00018999999156221747,63467520,0.009404999960679561,63467520,0.02708359999815002,63467520
dna_high_gc_len500_0.fasta,dna|high_gc|len500|i0,500,20,2,0.0004013000288978219,63467520,0.014754000003449619,63467520,0.029274400032591075,63467520
dna_high_gc_len500_0.fasta,dna|high_gc|len500|i0,500,20,3,0.00018929998623207211,63467520,0.011358799994923174,63467520,0.046755600022152066,63467520
dna_high_gc_len500_0.fasta,dna|high_gc|len500|i0,500,20,4,0.00020279997261241078,63471616,0.0076700999634340405,63471616,0.033975700032897294,63471616
dna_high_gc_len500_0.fasta,dna|high_gc|len500|i0,500,20,5,0.00019350001821294427,63471616,0.012481699988711625,63471616,0.04719660000409931,63471616
dna_high_gc_len500_0.fasta,dna|high_gc|len500|i0,500,20,0,0.0009021000005304813,63471616,0.008973399992100894,63475712,0.028038499993272126,63475712
dna_high_gc_len500_0.fasta,dna|high_gc|len500|i0,500,20,1,0.00019300001440569758,63479808,0.011503399990033358,63479808,0.028373099979944527,63479808
dna_high_gc_len500_0.fasta,dna|high_gc|len500|i0,500,20,2,0.00018780003301799297,63479808,0.0075804999796673656,63479808,0.03398309997282922,63479808
dna_high_gc_len500_0.fasta,dna|high_gc|len500|i0,500,20,3,0.0002536000101827085,63479808,0.014409499999601394,63479808,0.04057930002454668,63479808
dna_high_gc_len500_0.fasta,dna|high_gc|len500|i0,500,20,4,0.000172999978531152,63479808,0.009125899989157915,63479808,0.04386930004693568,63479808
dna_high_gc_len500_0.fasta,dna|high_gc|len500|i0,500,20,5,0.0003443000023253262,63479808,0.015015400014817715,63479808,0.0373923999723047,63479808
dna_high_gc_len500_0.fasta,dna|high_gc|len500|i0,500,20,0,0.00018610002007335424,63479808,0.009196900005917996,63479808,0.02548980002757162,63479808
dna_high_gc_len500_0.fasta,dna|high_gc|len500|i0,500,20,1,0.00023519998649135232,63483904,0.008472400018945336,63483904,0.026399700029287487,63483904
dna_high_gc_len500_0.fasta,dna|high_gc|len500|i0,500,20,2,0.00018099998123943806,63483904,0.007650200044736266,63483904,0.028250399976968765,63483904
dna_high_gc_len500_0.fasta,dna|high_gc|len500|i0,500,20,3,0.00018889998318627477,63483904,0.007492300006560981,63483904,0.0391055999789387,63483904
dna_high_gc_len500_0.fasta,dna|high_gc|len500|i0,500,20,4,0.0001876000314950943,63483904,0.00930289999814704,63483904,0.033676400023978204,63483904
dna_high_gc_len500_0.fasta,dna|high_gc|len500|i0,500,20,5,0.0002669000532478094,63488000,0.01354620000347495,63488000,0.035928199999034405,63488000
dna_high_gc_len500_0.fasta,dna|high_gc|len500|i0,500,50,0,0.000304599991068244,63492096,0.007990000012796372,63492096,0.05724930000724271,63492096
dna_high_gc_len500_0.fasta,dna|high_gc|len500|i0,500,50,1,0.0002597999991849065,63492096,0.00798419996863231,63492096,0.0633448000298813,63492096
dna_high_gc_len500_0.fasta,dna|high_gc|len500|i0,500,50,2,0.00022840005112811923,63492096,0.01089279999723658,63492096,0.06504759995732456,63492096
dna_high_gc_len500_0.fasta,dna|high_gc|len500|i0,500,50,3,0.0002251000260002911,63492096,0.00794879999011755,63492096,0.08040439995238557,63492096
dna_high_gc_len500_0.fasta,dna|high_gc|len500|i0,500,50,4,0.00023579999106004834,63492096,0.007955399982165545,63492096,0.0855355000239797,63492096
dna_high_gc_len500_0.fasta,dna|high_gc|len500|i0,500,50,5,0.00022680003894492984,63492096,0.012657899991609156,63492096,0.09774109994759783,63492096
dna_high_gc_len500_0.fasta,dna|high_gc|len500|i0,500,50,0,0.00021269998978823423,63492096,0.007823299965821207,63496192,0.061929700023029,63496192
dna_high_gc_len500_0.fasta,dna|high_gc|len500|i0,500,50,1,0.0002832000027410686,63496192,0.009981200040783733,63496192,0.06500970001798123,63500288
dna_high_gc_len500_0.fasta,dna|high_gc|len500|i0,500,50,2,0.00028229999588802457,63500288,0.01104379998287186,63504384,0.08464459999231622,63504384
dna_high_gc_len500_0.fasta,dna|high_gc|len500|i0,500,50,3,0.0004076000186614692,63504384,0.007974799955263734,63504384,0.08304719999432564,63504384
dna_high_gc_len500_0.fasta,dna|high_gc|len500|i0,500,50,4,0.00023790000705048442,63520768,0.00855189998401329,63520768,0.0874953999882564,63520768
dna_high_gc_len500_0.fasta,dna|high_gc|len500|i0,500,50,5,0.00024359999224543571,63520768,0.008887499978300184,63520768,0.09290879999753088,63520768
dna_high_gc_len500_0.fasta,dna|high_gc|len500|i0,500,50,0,0.0002882999833673239,63520768,0.00863930000923574,63520768,0.05573009996442124,63520768
dna_high_gc_len500_0.fasta,dna|high_gc|len500|i0,500,50,1,0.0002232000115327537,63520768,0.01109719998203218,63520768,0.06810069998027757,63520768
dna_high_gc_len500_0.fasta,dna|high_gc|len500|i0,500,50,2,0.0002177999704144895,63520768,0.01049860002240166,63520768,0.07168929994804785,63520768
dna_high_gc_len500_0.fasta,dna|high_gc|len500|i0,500,50,3,0.00026270002126693726,63520768,0.009841499966569245,63520768,0.07687250000890344,63520768
dna_high_gc_len500_0.fasta,dna|high_gc|len500|i0,500,50,4,0.00025290000485256314,63520768,0.011527700000442564,63520768,0.08931680000387132,63520768
dna_high_gc_len500_0.fasta,dna|high_gc|len500|i0,500,50,5,0.00022069999249652028,63520768,0.009078100032638758,63520768,0.09059689997229725,63524864
dna_low_complexity_len100_0.fasta,dna|low_complexity|len100|i0,100,20,0,0.00017919996753335,63524864,0.0013938999618403614,63524864,0.0056313000386580825,63528960
dna_low_complexity_len100_0.fasta,dna|low_complexity|len100|i0,100,20,1,0.00018309999722987413,63528960,0.0020735000143758953,63528960,0.004525600001215935,63528960
dna_low_complexity_len100_0.fasta,dna|low_complexity|len100|i0,100,20,2,0.00020110001787543297,63528960,0.0014552000211551785,63528960,0.0046499999589286745,63528960
dna_low_complexity_len100_0.fasta,dna|low_complexity|len100|i0,100,20,3,0.0005613000248558819,63533056,0.002019300009123981,63533056,0.011283600004389882,63533056
dna_low_complexity_len100_0.fasta,dna|low_complexity|len100|i0,100,20,4,0.00033170002279803157,63533056,0.003621000039856881,63533056,0.008539500006008893,63533056
dna_low_complexity_len100_0.fasta,dna|low_complexity|len100|i0,100,20,5,0.00016910000704228878,63533056,0.0025801999727264047,63533056,0.005831100046634674,63533056
dna_low_complexity_len100_0.fasta,dna|low_complexity|len100|i0,100,20,0,3.530003596097231e-05,63533056,0.003445300040766597,63533056,0.008081599953584373,63533056
dna_low_complexity_len100_0.fasta,dna|low_complexity|len100|i0,100,20,1,0.00020870001753792167,63533056,0.0014012999599799514,63537152,0.005737499974202365,63537152
dna_low_complexity_len100_0.fasta,dna|low_complexity|len100|i0,100,20,2,0.00017100002150982618,63537152,0.001403300033416599,63537152,0.007036500028334558,63537152
dna_low_complexity_len100_0.fasta,dna|low_complexity|len100|i0,100,20,3,0.00019259995315223932,63537152,0.004095899988897145,63537152,0.0057147000334225595,63537152
dna_low_complexity_len100_0.fasta,dna|low_complexity|len100|i0,100,20,4,0.0001993000041693449,63537152,0.0014663999900221825,63537152,0.006333200028166175,63537152
dna_low_complexity_len100_0.fasta,dna|low_complexity|len100|i0,100,20,5,0.00019260001135990024,63541248,0.00212309998460114,63541248,0.00952079996932298,63541248
dna_low_complexity_len100_0.fasta,dna|low_complexity|len100|i0,100,20,0,4.409998655319214e-05,63541248,0.0013719000271521509,63541248,0.00374700000975281,63541248
dna_low_complexity_len100_0.fasta,dna|low_complexity|len100|i0,100,20,1,0.00026020000223070383,63541248,0.0014623000170104206,63541248,0.004818100016564131,63541248
dna_low_complexity_len100_0.fasta,dna|low_complexity|len100|i0,100,20,2,0.00020569999469444156,63545344,0.0014183000312186778,63545344,0.0046928999945521355,63545344
dna_low_complexity_len100_0.fasta,dna|low_complexity|len100|i0,100,20,3,0.00023990002227947116,63545344,0.0016237000236287713,63545344,0.005133200029376894,63545344
dna_low_complexity_len100_0.fasta,dna|low_complexity|len100|i0,100,20,4,0.00019029999384656549,63545344,0.0013948999694548547,63545344,0.0054156999685801566,63545344
dna_low_complexity_len100_0.fasta,dna|low_complexity|len100|i0,100,20,5,0.00024369999300688505,63545344,0.0015005000168457627,63545344,0.0058932999963872135,63545344
dna_low_complexity_len100_0.fasta,dna|low_complexity|len100|i0,100,50,0,0.0003790000337176025,63545344,0.0023941000108607113,63545344,0.005657100002281368,63545344
dna_low_complexity_len100_0.fasta,dna|low_complexity|len100|i0,100,50,1,0.000381199992261827,63545344,0.0015912999515421689,63545344,0.0065246999729424715,63549440
dna_low_complexity_len100_0.fasta,dna|low_complexity|len100|i0,100,50,2,0.0002155999536626041,63549440,0.00412930001039058,63549440,0.008235600020270795,63549440
dna_low_complexity_len100_0.fasta,dna|low_complexity|len100|i0,100,50,3,0.0002327000256627798,63549440,0.0016397999715991318,63549440,0.007859200006350875,63549440
dna_low_complexity_len100_0.fasta,dna|low_complexity|len100|i0,100,50,4,0.00021629995899274945,63549440,0.003184200031682849,63549440,0.00923779996810481,63549440
dna_low_complexity_len100_0.fasta,dna|low_complexity|len100|i0,100,50,5,0.00021269998978823423,63549440,0.002151500026229769,63549440,0.01059049996547401,63549440
dna_low_complexity_len100_0.fasta,dna|low_complexity|len100|i0,100,50,0,3.220001235604286e-05,63549440,0.0015819999971427023,63549440,0.0072820999776013196,63549440
dna_low_complexity_len100_0.fasta,dna|low_complexity|len100|i0,100,50,1,0.00021600001491606236,63549440,0.0016160000232048333,63549440,0.009401500050444156,63549440
dna_low_complexity_len100_0.fasta,dna|low_complexity|len100|i0,100,50,2,0.000222100003156811,63549440,0.0016399999731220305,63549440,0.008417699951678514,63549440
dna_low_complexity_len100_0.fasta,dna|low_complexity|len100|i0,100,50,3,0.00024419999681413174,63569920,0.0016556000337004662,63569920,0.008182200021110475,63569920
dna_low_complexity_len100_0.fasta,dna|low_complexity|len100|i0,100,50,4,0.000222100003156811,63569920,0.003935499989893287,63569920,0.01000830001430586,63574016
dna_low_complexity_len100_0.fasta,dna|low_complexity|len100|i0,100,50,5,0.00021869997726753354,63574016,0.0019196000066585839,63574016,0.011574600008316338,63578112
dna_low_complexity_len100_0.fasta,dna|low_complexity|len100|i0,100,50,0,0.00021440000273287296,63578112,0.0015786000294610858,63578112,0.012176899996120483,63578112
dna_low_complexity_len100_0.fasta,dna|low_complexity|len100|i0,100,50,1,0.0002566000330261886,63614976,0.00162830000044778,63614976,0.006473699992056936,63614976
dna_low_complexity_len100_0.fasta,dna|low_complexity|len100|i0,100,50,2,0.0002172000240534544,63614976,0.0015652999863959849,63614976,0.007164800015743822,63614976
dna_low_complexity_len100_0.fasta,dna|low_complexity|len100|i0,100,50,3,0.0002145000034943223,63614976,0.0015953999827615917,63614976,0.009823200001846999,63614976
dna_low_complexity_len100_0.fasta,dna|low_complexity|len100|i0,100,50,4,0.0002691000117920339,63614976,0.001644300005864352,63614976,0.010491499968338758,63614976
dna_low_complexity_len100_0.fasta,dna|low_complexity|len100|i0,100,50,5,0.0002772000152617693,63614976,0.001617699977941811,63614976,0.013279500009957701,63614976
dna_low_complexity_len500_0.fasta,dna|low_complexity|len500|i0,500,20,0,0.00022630003513768315,63614976,0.00962299999082461,63614976,0.024944600008893758,63614976
dna_low_complexity_len500_0.fasta,dna|low_complexity|len500|i0,500,20,1,0.00020109995966777205,63627264,0.007574299990665168,63627264,0.024673799984157085,63627264
dna_low_complexity_len500_0.fasta,dna|low_complexity|len500|i0,500,20,2,0.0002114999806508422,63627264,0.0077674000058323145,63627264,0.029838799964636564,63627264
dna_low_complexity_len500_0.fasta,dna|low_complexity|len500|i0,500,20,3,0.00018470000941306353,63627264,0.0075320000178180635,63627264,0.04142080002930015,63627264
dna_low_complexity_len500_0.fasta,dna|low_complexity|len500|i0,500,20,4,0.0001914000022225082,63627264,0.00920369999948889,63627264,0.034315000055357814,63627264
dna_low_complexity_len500_0.fasta,dna|low_complexity|len500|i0,500,20,5,0.00018770003225654364,63635456,0.008610499964561313,63635456,0.03875110001536086,63635456
dna_low_complexity_len500_0.fasta,dna|low_complexity|len500|i0,500,20,0,0.00023750000400468707,63635456,0.0076360999955795705,63635456,0.02243610000004992,63635456
dna_low_complexity_len500_0.fasta,dna|low_complexity|len500|i0,500,20,1,0.00017850002041086555,63635456,0.007507100002840161,63635456,0.02932560001499951,63635456
dna_low_complexity_len500_0.fasta,dna|low_complexity|len500|i0,500,20,2,0.00017959997057914734,63635456,0.0076228000107221305,63635456,0.029068099975120276,63635456
dna_low_complexity_len500_0.fasta,dna|low_complexity|len500|i0,500,20,3,0.00020130001939833164,63635456,0.014103900000918657,63643648,0.031247899984009564,63643648
dna_low_complexity_len500_0.fasta,dna|low_complexity|len500|i0,500,20,4,0.0007531000301241875,63643648,0.007810499984771013,63643648,0.03756639995845035,63643648
dna_low_complexity_len500_0.fasta,dna|low_complexity|len500|i0,500,20,5,0.0001841000048443675,63643648,0.009761100052855909,63643648,0.04056880000280216,63643648
dna_low_complexity_len500_0.fasta,dna|low_complexity|len500|i0,500,20,0,5.15999854542315e-05,63647744,0.013483499991707504,63647744,0.0246851000119932,63651840
dna_low_complexity_len500_0.fasta,dna|low_complexity|len500|i0,500,20,1,0.0002468000166118145,63651840,0.008570699952542782,63651840,0.03189650003332645,63651840
dna_low_complexity_len500_0.fasta,dna|low_complexity|len500|i0,500,20,2,0.0001838000025600195,63651840,0.0076027000322937965,63651840,0.03245719999540597,63651840
dna_low_complexity_len500_0.fasta,dna|low_complexity|len500|i0,500,20,3,0.0025269999750889838,63660032,0.009344799967948347,63660032,0.03413280000677332,63660032
dna_low_complexity_len500_0.fasta,dna|low_complexity|len500|i0,500,20,4,0.00018239999189972878,63660032,0.008395200013183057,63660032,0.03869329998269677,63660032
dna_low_complexity_len500_0.fasta,dna|low_complexity|len500|i0,500,20,5,0.00018050003563985229,63660032,0.007672300038393587,63660032,0.03968869999516755,63660032
dna_low_complexity_len500_0.fasta,dna|low_complexity|len500|i0,500,50,0,0.0002525000018067658,63660032,0.008856100030243397,63660032,0.05738250003196299,63668224
dna_low_complexity_len500_0.fasta,dna|low_complexity|len500|i0,500,50,1,0.00033409998286515474,63668224,0.00766579998889938,63668224,0.0638092000153847,63668224
dna_low_complexity_len500_0.fasta,dna|low_complexity|len500|i0,500,50,2,0.00022190000163391232,63668224,0.007963099982589483,63668224,0.06768579996423796,63668224
dna_low_complexity_len500_0.fasta,dna|low_complexity|len500|i0,500,50,3,0.0002510999911464751,63668224,0.017359299992676824,63668224,0.08731060003628954,63668224
dna_low_complexity_len500_0.fasta,dna|low_complexity|len500|i0,500,50,4,0.0003353999927639961,63668224,0.007590900000650436,63668224,0.08656149997841567,63668224
dna_low_complexity_len500_0.fasta,dna|low_complexity|len500|i0,500,50,5,0.00022380001610144973,63668224,0.008747600018978119,63668224,0.09159460000228137,63672320
dna_low_complexity_len500_0.fasta,dna|low_complexity|len500|i0,500,50,0,7.06000137142837e-05,63672320,0.009072499989997596,63672320,0.05241290002595633,63672320
dna_low_complexity_len500_0.fasta,dna|low_complexity|len500|i0,500,50,1,0.00028899998869746923,63672320,0.007624799967743456,63672320,0.07921039999928325,63672320
dna_low_complexity_len500_0.fasta,dna|low_complexity|len500|i0,500,50,2,0.00022490002447739244,63672320,0.008051600016187876,63672320,0.06586390000302345,63672320
dna_low_complexity_len500_0.fasta,dna|low_complexity|len500|i0,500,50,3,0.00021890003699809313,63672320,0.012416100013069808,63672320,0.07479729998158291,63672320
dna_low_complexity_len500_0.fasta,dna|low_complexity|len500|i0,500,50,4,0.0002120999852195382,63672320,0.012157699966337532,63672320,0.07872280001174659,63672320
dna_low_complexity_len500_0.fasta,dna|low_complexity|len500|i0,500,50,5,0.0002161000156775117,63672320,0.007865199993830174,63672320,0.09388360002776608,63672320
dna_low_complexity_len500_0.fasta,dna|low_complexity|len500|i0,500,50,0,4.010001430287957e-05,63672320,0.007513299991842359,63672320,0.05858020001323894,63672320
dna_low_complexity_len500_0.fasta,dna|low_complexity|len500|i0,500,50,1,0.00043530005495995283,63672320,0.011992699990514666,63672320,0.06364429998211563,63672320
dna_low_complexity_len500_0.fasta,dna|low_complexity|len500|i0,500,50,2,0.00021620001643896103,63672320,0.008561099995858967,63672320,0.07261029997607693,63672320
dna_low_complexity_len500_0.fasta,dna|low_complexity|len500|i0,500,50,3,0.00021899997955188155,63672320,0.008044800022616982,63672320,0.08244069997454062,63672320
dna_low_complexity_len500_0.fasta,dna|low_complexity|len500|i0,500,50,4,0.00022600003285333514,63672320,0.01350479997927323,63672320,0.07914790004724637,63672320
dna_low_complexity_len500_0.fasta,dna|low_complexity|len500|i0,500,50,5,0.00022899999748915434,63672320,0.010126999986823648,63672320,0.08525000000372529,63672320
dna_mutated_len100_0.fasta,dna|mutated|len100|i0,100,20,0,0.00018390000332146883,63672320,0.0014278999879024923,63672320,0.006166099978145212,63672320
dna_mutated_len100_0.fasta,dna|mutated|len100|i0,100,20,1,0.0002096000243909657,63672320,0.0014554000226780772,63672320,0.004703600017819554,63672320
dna_mutated_len100_0.fasta,dna|mutated|len100|i0,100,20,2,0.0001677999971434474,63672320,0.001465399982407689,63672320,0.0046375999809242785,63672320
dna_mutated_len100_0.fasta,dna|mutated|len100|i0,100,20,3,0.00018269999418407679,63672320,0.0014075000071898103,63672320,0.009613299975171685,63672320
dna_mutated_len100_0.fasta,dna|mutated|len100|i0,100,20,4,0.00017719995230436325,63672320,0.0015093000256456435,63672320,0.005739099986385554,63672320
dna_mutated_len100_0.fasta,dna|mutated|len100|i0,100,20,5,0.0003388000186532736,63676416,0.0015580999897792935,63676416,0.008543899981305003,63676416
dna_mutated_len100_0.fasta,dna|mutated|len100|i0,100,20,0,0.0002207000507041812,63676416,0.0021459999843500555,63676416,0.006409899971913546,63676416
dna_mutated_len100_0.fasta,dna|mutated|len100|i0,100,20,1,0.00024880003184080124,63676416,0.003516900003887713,63676416,0.004902800021227449,63676416
dna_mutated_len100_0.fasta,dna|mutated|len100|i0,100,20,2,0.00017660000594332814,63676416,0.0014333000290207565,63676416,0.005356999987270683,63676416
dna_mutated_len100_0.fasta,dna|mutated|len100|i0,100,20,3,0.00017119996482506394,63680512,0.001411600038409233,63680512,0.005071900028269738,63680512
dna_mutated_len100_0.fasta,dna|mutated|len100|i0,100,20,4,0.00019460002658888698,63680512,0.0014534000074490905,63680512,0.005495999997947365,63680512
dna_mutated_len100_0.fasta,dna|mutated|len100|i0,100,20,5,0.00020509999012574553,63680512,0.0014161999570205808,63680512,0.0058929999941028655,63680512
dna_mutated_len100_0.fasta,dna|mutated|len100|i0,100,20,0,0.00017820001812651753,63680512,0.001575700007379055,63680512,0.004752100037876517,63680512
dna_mutated_len100_0.fasta,dna|mutated|len100|i0,100,20,1,0.00017169996863231063,63680512,0.0014213999966159463,63680512,0.004795300017576665,63680512
dna_mutated_len100_0.fasta,dna|mutated|len100|i0,100,20,2,0.0004225000157020986,63688704,0.0019238999811932445,63688704,0.007569100009277463,63688704
dna_mutated_len100_0.fasta,dna|mutated|len100|i0,100,20,3,0.000249299977440387,63688704,0.0016418000450357795,63688704,0.005363799980841577,63688704
dna_mutated_len100_0.fasta,dna|mutated|len100|i0,100,20,4,0.00035639997804537416,63688704,0.0014621000154875219,63688704,0.0061997000011615455,63688704
dna_mutated_len100_0.fasta,dna|mutated|len100|i0,100,20,5,0.00024850002955645323,63688704,0.0014615999534726143,63688704,0.04236029996536672,63688704
dna_mutated_len100_0.fasta,dna|mutated|len100|i0,100,50,0,0.0002354000462219119,63692800,0.0017452000174671412,63692800,0.005696300009731203,63692800
dna_mutated_len100_0.fasta,dna|mutated|len100|i0,100,50,1,0.00020940002286806703,63692800,0.001644000003580004,63692800,0.007462499954272062,63692800
dna_mutated_len100_0.fasta,dna|mutated|len100|i0,100,50,2,0.00020820001373067498,63692800,0.0016667000018060207,63692800,0.007181000022683293,63692800
dna_mutated_len100_0.fasta,dna|mutated|len100|i0,100,50,3,0.00022079999325796962,63692800,0.0016338999848812819,63692800,0.008136000018566847,63692800
dna_mutated_len100_0.fasta,dna|mutated|len100|i0,100,50,4,0.0002294000005349517,63696896,0.0016478999750688672,63696896,0.01334909995784983,63696896
dna_mutated_len100_0.fasta,dna|mutated|len100|i0,100,50,5,0.000202000024728477,63696896,0.0020070000318810344,63696896,0.009388100006617606,63696896
dna_mutated_len100_0.fasta,dna|mutated|len100|i0,100,50,0,0.00022570003056898713,63696896,0.0016564999823458493,63696896,0.005642600008286536,63696896
dna_mutated_len100_0.fasta,dna|mutated|len100|i0,100,50,1,0.0002096000243909657,63696896,0.0018293000175617635,63696896,0.0077726999879814684,63696896
dna_mutated_len100_0.fasta,dna|mutated|len100|i0,100,50,2,0.00021620001643896103,63696896,0.003603899967856705,63696896,0.01087050000205636,63696896
dna_mutated_len100_0.fasta,dna|mutated|len100|i0,100,50,3,0.00022960000205785036,63696896,0.0016670000040903687,63696896,0.014999100007116795,63700992
dna_mutated_len100_0.fasta,dna|mutated|len100|i0,100,50,4,0.00022340001305565238,63700992,0.003620399977080524,63700992,0.009497500024735928,63700992
dna_mutated_len100_0.fasta,dna|mutated|len100|i0,100,50,5,0.00022899999748915434,63700992,0.00166379997972399,63700992,0.010143699997570366,63700992
dna_mutated_len100_0.fasta,dna|mutated|len100|i0,100,50,0,0.0004564999835565686,63700992,0.00212610000744462,63700992,0.005606199963949621,63700992
dna_mutated_len100_0.fasta,dna|mutated|len100|i0,100,50,1,0.0002164000179618597,63700992,0.0016571000451222062,63700992,0.007454900012817234,63700992
dna_mutated_len100_0.fasta,dna|mutated|len100|i0,100,50,2,0.00020359997870400548,63700992,0.0016701000276952982,63700992,0.008475199982058257,63700992
dna_mutated_len100_0.fasta,dna|mutated|len100|i0,100,50,3,0.00021059997379779816,63700992,0.0016670000040903687,63700992,0.008681000035721809,63700992
dna_mutated_len100_0.fasta,dna|mutated|len100|i0,100,50,4,0.00020319997565820813,63700992,0.00181200000224635,63700992,0.009363199991639704,63700992
dna_mutated_len100_0.fasta,dna|mutated|len100|i0,100,50,5,0.00022190000163391232,63700992,0.0016749000060372055,63705088,0.019557999970857054,63705088
dna_mutated_len500_0.fasta,dna|mutated|len500|i0,500,20,0,0.00020619999850168824,63705088,0.008387600013520569,63705088,0.023189599975012243,63705088
dna_mutated_len500_0.fasta,dna|mutated|len500|i0,500,20,1,0.00018279999494552612,63705088,0.008115699980407953,63705088,0.0339926999877207,63705088
dna_mutated_len500_0.fasta,dna|mutated|len500|i0,500,20,2,0.00023140001576393843,63705088,0.007736100000329316,63705088,0.028612399997655302,63705088
dna_mutated_len500_0.fasta,dna|mutated|len500|i0,500,20,3,0.00023360003251582384,63709184,0.00917999999364838,63709184,0.03978260001167655,63709184
dna_mutated_len500_0.fasta,dna|mutated|len500|i0,500,20,4,0.00018319999799132347,63709184,0.007691900013014674,63709184,0.03425590001279488,63709184
dna_mutated_len500_0.fasta,dna|mutated|len500|i0,500,20,5,0.00022960000205785036,63713280,0.00891919998684898,63713280,0.040381899976637214,63713280
dna_mutated_len500_0.fasta,dna|mutated|len500|i0,500,20,0,0.0002474000211805105,63713280,0.008246099983807653,63713280,0.027722499973606318,63713280
dna_mutated_len500_0.fasta,dna|mutated|len500|i0,500,20,1,0.00018720002844929695,63713280,0.008695400028955191,63713280,0.02570439997361973,63713280
dna_mutated_len500_0.fasta,dna|mutated|len500|i0,500,20,2,0.00019940000493079424,63713280,0.009643899975344539,63713280,0.029536899994127452,63713280
dna_mutated_len500_0.fasta,dna|mutated|len500|i0,500,20,3,0.00020399998174980283,63713280,0.007786100031808019,63713280,0.03008549998048693,63713280
dna_mutated_len500_0.fasta,dna|mutated|len500|i0,500,20,4,0.0004496999899856746,63713280,0.014901200018357486,63713280,0.03265200002351776,63713280
dna_mutated_len500_0.fasta,dna|mutated|len500|i0,500,20,5,0.00018430000636726618,63713280,0.0075536000076681376,63713280,0.04183709999779239,63713280
dna_mutated_len500_0.fasta,dna|mutated|len500|i0,500,20,0,0.00041119998786598444,63713280,0.011760600027628243,63713280,0.02639320003800094,63713280
dna_mutated_len500_0.fasta,dna|mutated|len500|i0,500,20,1,0.00018220004858449101,63717376,0.007728600001428276,63717376,0.030487400013953447,63717376
dna_mutated_len500_0.fasta,dna|mutated|len500|i0,500,20,2,0.00019019999308511615,63721472,0.007851600006688386,63721472,0.031524899997748435,63721472
dna_mutated_len500_0.fasta,dna|mutated|len500|i0,500,20,3,0.00024859997211024165,63721472,0.007957099995110184,63721472,0.029888799996115267,63721472
dna_mutated_len500_0.fasta,dna|mutated|len500|i0,500,20,4,0.00018640002235770226,63721472,0.00789110001642257,63721472,0.03347219998249784,63721472
dna_mutated_len500_0.fasta,dna|mutated|len500|i0,500,20,5,0.00018350000027567148,63721472,0.012419399979989976,63725568,0.04618430003756657,63725568
dna_mutated_len500_0.fasta,dna|mutated|len500|i0,500,50,0,0.00022600003285333514,63725568,0.008007799973711371,63729664,0.05322849994990975,63729664
dna_mutated_len500_0.fasta,dna|mutated|len500|i0,500,50,1,0.00021739996736869216,63729664,0.008021600020583719,63729664,0.061257399967871606,63729664
dna_mutated_len500_0.fasta,dna|mutated|len500|i0,500,50,2,0.00021650001872330904,63729664,0.009916100010741502,63729664,0.076411799993366,63729664
dna_mutated_len500_0.fasta,dna|mutated|len500|i0,500,50,3,0.00023520004469901323,63729664,0.008626100025139749,63729664,0.07587719999719411,63733760
dna_mutated_len500_0.fasta,dna|mutated|len500|i0,500,50,4,0.00022200000239536166,63733760,0.009680199960712343,63733760,0.08862860000226647,63733760
dna_mutated_len500_0.fasta,dna|mutated|len500|i0,500,50,5,0.0002634000265970826,63770624,0.007980199996381998,63770624,0.08094680000795051,63770624
dna_mutated_len500_0.fasta,dna|mutated|len500|i0,500,50,0,0.0003848000196740031,63770624,0.00811029999749735,63770624,0.052089700009673834,63770624
dna_mutated_len500_0.fasta,dna|mutated|len500|i0,500,50,1,0.00024369999300688505,63770624,0.009756099956575781,63770624,0.06839840003522113,63770624
dna_mutated_len500_0.fasta,dna|mutated|len500|i0,500,50,2,0.0002204999909736216,63770624,0.007871499983593822,63770624,0.06798260001232848,63770624
dna_mutated_len500_0.fasta,dna|mutated|len500|i0,500,50,3,0.00022010004613548517,63770624,0.011828500020783395,63770624,0.06953719997545704,63770624
dna_mutated_len500_0.fasta,dna|mutated|len500|i0,500,50,4,0.00022470002295449376,63770624,0.007943900011014193,63770624,0.08550109999487177,63770624
dna_mutated_len500_0.fasta,dna|mutated|len500|i0,500,50,5,0.00022709998302161694,63770624,0.007859700010158122,63770624,0.08533680002437904,63770624
dna_mutated_len500_0.fasta,dna|mutated|len500|i0,500,50,0,0.00022330001229420304,63770624,0.008504699973855168,63770624,0.054758100013714284,63770624
dna_mutated_len500_0.fasta,dna|mutated|len500|i0,500,50,1,0.00021959998412057757,63770624,0.007759800006169826,63770624,0.0619977000169456,63774720
dna_mutated_len500_0.fasta,dna|mutated|len500|i0,500,50,2,0.0002209999947808683,63774720,0.00782589998561889,63774720,0.07017510000150651,63774720
dna_mutated_len500_0.fasta,dna|mutated|len500|i0,500,50,3,0.00022139999782666564,63774720,0.008800500014331192,63774720,0.06979849998606369,63774720
dna_mutated_len500_0.fasta,dna|mutated|len500|i0,500,50,4,0.0002880000392906368,63774720,0.008636000042315573,63774720,0.08003890002146363,63774720
dna_mutated_len500_0.fasta,dna|mutated|len500|i0,500,50,5,0.0002177999704144895,63774720,0.008688799978699535,63778816,0.0832315000006929,63778816
dna_random_len100_0.fasta,dna|random|len100|i0,100,20,0,0.0002532999496906996,63778816,0.0015350999892689288,63778816,0.0036560999578796327,63778816
dna_random_len100_0.fasta,dna|random|len100|i0,100,20,1,0.0003513999981805682,63778816,0.0016293000080622733,63778816,0.00418120005633682,63778816
dna_random_len100_0.fasta,dna|random|len100|i0,100,20,2,0.00017120002303272486,63778816,0.001657599990721792,63778816,0.005177900020498782,63778816
dna_random_len100_0.fasta,dna|random|len100|i0,100,20,3,0.00018660002388060093,63778816,0.00178540003253147,63778816,0.006053300050552934,63778816
dna_random_len100_0.fasta,dna|random|len100|i0,100,20,4,0.00017809995915740728,63782912,0.0014112999779172242,63782912,0.005473900004290044,63782912
dna_random_len100_0.fasta,dna|random|len100|i0,100,20,5,0.00022680003894492984,63782912,0.0016133000026457012,63782912,0.005838100041728467,63782912
dna_random_len100_0.fasta,dna|random|len100|i0,100,20,0,0.00025400001322850585,63782912,0.0013564000255428255,63782912,0.003551800036802888,63782912
dna_random_len100_0.fasta,dna|random|len100|i0,100,20,1,0.00017950002802535892,63787008,0.0013775000115856528,63787008,0.004134999995585531,63787008
dna_random_len100_0.fasta,dna|random|len100|i0,100,20,2,0.00016759999562054873,63787008,0.0013960999785922468,63787008,0.004543500021100044,63787008
dna_random_len100_0.fasta,dna|random|len100|i0,100,20,3,0.00017120002303272486,63787008,0.0015771999605931342,63787008,0.005228099995292723,63787008
dna_random_len100_0.fasta,dna|random|len100|i0,100,20,4,0.00019970000721514225,63787008,0.0015237000188790262,63787008,0.005402799986768514,63787008
dna_random_len100_0.fasta,dna|random|len100|i0,100,20,5,0.00017659994773566723,63787008,0.001416000013705343,63787008,0.006125400017481297,63787008
dna_random_len100_0.fasta,dna|random|len100|i0,100,20,0,0.00019200000679120421,63787008,0.0013764000032097101,63787008,0.003530000045429915,63787008
dna_random_len100_0.fasta,dna|random|len100|i0,100,20,1,0.00018350000027567148,63791104,0.001403900037985295,63791104,0.004207100020721555,63791104
dna_random_len100_0.fasta,dna|random|len100|i0,100,20,2,0.0001715999678708613,63791104,0.0014168000197969377,63791104,0.004576499981340021,63791104
dna_random_len100_0.fasta,dna|random|len100|i0,100,20,3,0.00020839995704591274,63791104,0.001797800010535866,63791104,0.005059399991296232,63791104
dna_random_len100_0.fasta,dna|random|len100|i0,100,20,4,0.00018999999156221747,63791104,0.001589899999089539,63791104,0.005454699974507093,63791104
dna_random_len100_0.fasta,dna|random|len100|i0,100,20,5,0.00018229999113827944,63795200,0.0016115999897010624,63795200,0.007410700025502592,63795200
dna_random_len100_0.fasta,dna|random|len100|i0,100,50,0,0.0002662999904714525,63799296,0.001665900053922087,63799296,0.005606199963949621,63799296
dna_random_len100_0.fasta,dna|random|len100|i0,100,50,1,0.00023790000705048442,63799296,0.0016254999791271985,63799296,0.0064765000133775175,63799296
dna_random_len100_0.fasta,dna|random|len100|i0,100,50,2,0.0002180000301450491,63799296,0.0024102000170387328,63799296,0.010277499968651682,63803392
dna_random_len100_0.fasta,dna|random|len100|i0,100,50,3,0.0002248000237159431,63803392,0.0017760999617166817,63803392,0.01302920002490282,63803392
dna_random_len100_0.fasta,dna|random|len100|i0,100,50,4,0.0002756000030785799,63803392,0.0016482000355608761,63803392,0.008554000000003725,63803392
dna_random_len100_0.fasta,dna|random|len100|i0,100,50,5,0.00023830001009628177,63803392,0.0016329000354744494,63803392,0.009523599990643561,63803392
dna_random_len100_0.fasta,dna|random|len100|i0,100,50,0,0.00027979997685179114,63803392,0.0016497999895364046,63803392,0.005606100021395832,63803392
dna_random_len100_0.fasta,dna|random|len100|i0,100,50,1,0.0002761000068858266,63803392,0.0016579999937675893,63803392,0.006480399984866381,63807488
dna_random_len100_0.fasta,dna|random|len100|i0,100,50,2,0.00027459999546408653,63807488,0.0019902000203728676,63807488,0.007255700009409338,63807488
dna_random_len100_0.fasta,dna|random|len100|i0,100,50,3,0.0002796999760903418,63807488,0.004114900017157197,63807488,0.007970100035890937,63807488
dna_random_len100_0.fasta,dna|random|len100|i0,100,50,4,0.00026790000265464187,63807488,0.0016892000567167997,63807488,0.008740699966438115,63807488
dna_random_len100_0.fasta,dna|random|len100|i0,100,50,5,0.0003630000283010304,63811584,0.001803699997253716,63811584,0.00963480002246797,63811584
dna_random_len100_0.fasta,dna|random|len100|i0,100,50,0,0.00027279998175799847,63811584,0.001621799950953573,63811584,0.005584999977145344,63811584
dna_random_len100_0.fasta,dna|random|len100|i0,100,50,1,0.00030020001577213407,63811584,0.0016777999699115753,63811584,0.006276200001593679,63811584
dna_random_len100_0.fasta,dna|random|len100|i0,100,50,2,0.00028490001568570733,63811584,0.0016516000032424927,63811584,0.011918300006072968,63811584
dna_random_len100_0.fasta,dna|random|len100|i0,100,50,3,0.00028110004495829344,63811584,0.0016730999923311174,63811584,0.008033999998588115,63811584
dna_random_len100_0.fasta,dna|random|len100|i0,100,50,4,0.0003724999842233956,63811584,0.0018220000201836228,63811584,0.008604500035289675,63811584
dna_random_len100_0.fasta,dna|random|len100|i0,100,50,5,0.0007580999517813325,63815680,0.001852800021879375,63815680,0.009776299993973225,63819776
dna_random_len500_0.fasta,dna|random|len500|i0,500,20,0,0.00017720001051202416,63819776,0.007753899961244315,63819776,0.021880900021642447,63819776
dna_random_len500_0.fasta,dna|random|len500|i0,500,20,1,0.0001800000318326056,63819776,0.007568200002424419,63819776,0.02460799994878471,63819776
dna_random_len500_0.fasta,dna|random|len500|i0,500,20,2,0.00018630002159625292,63819776,0.008196399954613298,63819776,0.0370777000207454,63819776
dna_random_len500_0.fasta,dna|random|len500|i0,500,20,3,0.0001805999781936407,63819776,0.009177699976135045,63819776,0.02936960000079125,63819776
dna_random_len500_0.fasta,dna|random|len500|i0,500,20,4,0.00019669998437166214,63823872,0.01285289996303618,63823872,0.03171940002357587,63823872
dna_random_len500_0.fasta,dna|random|len500|i0,500,20,5,0.00017850002041086555,63823872,0.007598700001835823,63827968,0.03273729997454211,63827968
dna_random_len500_0.fasta,dna|random|len500|i0,500,20,0,0.00023449998116120696,63827968,0.007751600001938641,63827968,0.024381699971854687,63827968
dna_random_len500_0.fasta,dna|random|len500|i0,500,20,1,0.00018539995653554797,63827968,0.008974800002761185,63827968,0.024191999982576817,63827968
dna_random_len500_0.fasta,dna|random|len500|i0,500,20,2,0.00017819995991885662,63827968,0.007537800003774464,63827968,0.02753120003035292,63827968
dna_random_len500_0.fasta,dna|random|len500|i0,500,20,3,0.00018420000560581684,63827968,0.008167099964339286,63827968,0.02948379999725148,63827968
dna_random_len500_0.fasta,dna|random|len500|i0,500,20,4,0.00018719997024163604,63827968,0.007890500011853874,63827968,0.036698599986266345,63827968
dna_random_len500_0.fasta,dna|random|len500|i0,500,20,5,0.00018140004249289632,63832064,0.0075588999898172915,63832064,0.033019699971191585,63832064
dna_random_len500_0.fasta,dna|random|len500|i0,500,20,0,0.00018510001245886087,63832064,0.008428199973423034,63832064,0.0248332999763079,63832064
dna_random_len500_0.fasta,dna|random|len500|i0,500,20,1,0.00019230000907555223,63836160,0.010228500002995133,63836160,0.026155399973504245,63836160
dna_random_len500_0.fasta,dna|random|len500|i0,500,20,2,0.00017689995002001524,63836160,0.007985299977008253,63836160,0.026765799964778125,63836160
dna_random_len500_0.fasta,dna|random|len500|i0,500,20,3,0.0001841000048443675,63836160,0.007443799986504018,63836160,0.02925409999443218,63836160
dna_random_len500_0.fasta,dna|random|len500|i0,500,20,4,0.0002106999745592475,63836160,0.007575800002086908,63836160,0.0310944999800995,63836160
dna_random_len500_0.fasta,dna|random|len500|i0,500,20,5,0.00018659996567294002,63836160,0.008670900017023087,63836160,0.03280610003275797,63836160
dna_random_len500_0.fasta,dna|random|len500|i0,500,50,0,0.00022380001610144973,63836160,0.009105100005399436,63836160,0.0506040999898687,63836160
dna_random_len500_0.fasta,dna|random|len500|i0,500,50,1,0.0002731999848037958,63836160,0.013337499985937029,63836160,0.059331500029657036,63840256
dna_random_len500_0.fasta,dna|random|len500|i0,500,50,2,0.00022649997845292091,63840256,0.013285900000482798,63840256,0.06187380000483245,63840256
dna_random_len500_0.fasta,dna|random|len500|i0,500,50,3,0.00031650002347305417,63877120,0.008518099959474057,63877120,0.07081890001427382,63877120
dna_random_len500_0.fasta,dna|random|len500|i0,500,50,4,0.00021600001491606236,63877120,0.007755999977234751,63877120,0.0726958999875933,63877120
dna_random_len500_0.fasta,dna|random|len500|i0,500,50,5,0.0002869999734684825,63877120,0.01016540004638955,63881216,0.08552720001898706,63881216
dna_random_len500_0.fasta,dna|random|len500|i0,500,50,0,0.0005014999769628048,63881216,0.011413400003220886,63881216,0.047376399976201355,63881216
dna_random_len500_0.fasta,dna|random|len500|i0,500,50,1,0.00022149999858811498,63881216,0.008234500011894852,63881216,0.055642599996645004,63881216
dna_random_len500_0.fasta,dna|random|len500|i0,500,50,2,0.00022679998073726892,63881216,0.010041100031230599,63881216,0.06807999999728054,63881216
dna_random_len500_0.fasta,dna|random|len500|i0,500,50,3,0.000222400005441159,63881216,0.007959600014146417,63881216,0.07719819998601452,63881216
dna_random_len500_0.fasta,dna|random|len500|i0,500,50,4,0.00023780000628903508,63881216,0.0078096999786794186,63881216,0.0723979999893345,63881216
dna_random_len500_0.fasta,dna|random|len500|i0,500,50,5,0.00022059999173507094,63881216,0.010005699994508177,63881216,0.07826859998749569,63885312
dna_random_len500_0.fasta,dna|random|len500|i0,500,50,0,0.00023410003632307053,63885312,0.00914749997900799,63885312,0.048581200011540204,63885312
dna_random_len500_0.fasta,dna|random|len500|i0,500,50,1,0.0002261999761685729,63885312,0.00773389998357743,63885312,0.05749110004398972,63885312
dna_random_len500_0.fasta,dna|random|len500|i0,500,50,2,0.00027979997685179114,63885312,0.007801800034940243,63885312,0.07153089996427298,63885312
dna_random_len500_0.fasta,dna|random|len500|i0,500,50,3,0.0008789999992586672,63885312,0.0119834000361152,63885312,0.08379500004230067,63885312
dna_random_len500_0.fasta,dna|random|len500|i0,500,50,4,0.0002951999776996672,63885312,0.009396000008564442,63885312,0.09226930001750588,63885312
dna_random_len500_0.fasta,dna|random|len500|i0,500,50,5,0.00022520002676174045,63885312,0.00790869997581467,63885312,0.09065189998364076,63885312
dna_repetitive_len100_0.fasta,dna|repetitive|len100|i0,100,20,0,0.00019300001440569758,63885312,0.0016949999844655395,63885312,0.0038249000208452344,63885312
dna_repetitive_len100_0.fasta,dna|repetitive|len100|i0,100,20,1,0.0001718999701552093,63885312,0.0015079999575391412,63885312,0.0041180000407621264,63885312
dna_repetitive_len100_0.fasta,dna|repetitive|len100|i0,100,20,2,0.00017830001888796687,63885312,0.0013983999961055815,63885312,0.004579200001899153,63885312
dna_repetitive_len100_0.fasta,dna|repetitive|len100|i0,100,20,3,0.0001894999877549708,63889408,0.0014139999984763563,63889408,0.005023500008974224,63889408
dna_repetitive_len100_0.fasta,dna|repetitive|len100|i0,100,20,4,0.0001821999903768301,63889408,0.0014120999840088189,63889408,0.005728599964641035,63889408
dna_repetitive_len100_0.fasta,dna|repetitive|len100|i0,100,20,5,0.00018609996186569333,63893504,0.0023524999851360917,63893504,0.006852600025013089,63893504
dna_repetitive_len100_0.fasta,dna|repetitive|len100|i0,100,20,0,4.509999416768551e-05,63897600,0.001723000023048371,63897600,0.0036874000215902925,63897600
dna_repetitive_len100_0.fasta,dna|repetitive|len100|i0,100,20,1,0.00018740002997219563,63897600,0.0015246999682858586,63897600,0.004252400016412139,63897600
dna_repetitive_len100_0.fasta,dna|repetitive|len100|i0,100,20,2,0.00024279998615384102,63897600,0.0013980999938212335,63897600,0.00461509998422116,63897600
dna_repetitive_len100_0.fasta,dna|repetitive|len100|i0,100,20,3,0.00035909999860450625,63897600,0.0017379999626427889,63897600,0.005223300016950816,63897600
dna_repetitive_len100_0.fasta,dna|repetitive|len100|i0,100,20,4,0.00019859999883919954,63897600,0.0014458999503403902,63897600,0.009297700016759336,63897600
dna_repetitive_len100_0.fasta,dna|repetitive|len100|i0,100,20,5,0.00018889998318627477,63897600,0.0014090999611653388,63897600,0.008415199990849942,63897600
dna_repetitive_len100_0.fasta,dna|repetitive|len100|i0,100,20,0,0.00018969998927786946,63897600,0.0014115999802015722,63897600,0.0038890999858267605,63897600
dna_repetitive_len100_0.fasta,dna|repetitive|len100|i0,100,20,1,0.00019449996761977673,63901696,0.0014717000303789973,63901696,0.004417899996042252,63901696
dna_repetitive_len100_0.fasta,dna|repetitive|len100|i0,100,20,2,0.00017190002836287022,63901696,0.0013780000153928995,63901696,0.004645799985155463,63901696
dna_repetitive_len100_0.fasta,dna|repetitive|len100|i0,100,20,3,0.00017829996068030596,63905792,0.001408900017850101,63905792,0.007943900011014193,63905792
dna_repetitive_len100_0.fasta,dna|repetitive|len100|i0,100,20,4,0.00019449996761977673,63905792,0.001400000008288771,63905792,0.007249499962199479,63905792
dna_repetitive_len100_0.fasta,dna|repetitive|len100|i0,100,20,5,0.00034819997381418943,63905792,0.0013875000295229256,63905792,0.0070553999976255,63905792
dna_repetitive_len100_0.fasta,dna|repetitive|len100|i0,100,50,0,0.0002494999789632857,63905792,0.0016901000053621829,63905792,0.005444000009447336,63905792
dna_repetitive_len100_0.fasta,dna|repetitive|len100|i0,100,50,1,0.00020359997870400548,63905792,0.0016172000323422253,63905792,0.006399400008376688,63905792
dna_repetitive_len100_0.fasta,dna|repetitive|len100|i0,100,50,2,0.00028110004495829344,63905792,0.0033104000031016767,63905792,0.007767000002786517,63905792
dna_repetitive_len100_0.fasta,dna|repetitive|len100|i0,100,50,3,0.00021100003505125642,63905792,0.001698999956715852,63905792,0.012730599963106215,63905792
dna_repetitive_len100_0.fasta,dna|repetitive|len100|i0,100,50,4,0.00026160001289099455,63905792,0.0016217000083997846,63905792,0.0122113999677822,63905792
dna_repetitive_len100_0.fasta,dna|repetitive|len100|i0,100,50,5,0.00022749998606741428,63905792,0.0023650999646633863,63905792,0.012633200036361814,63909888
dna_repetitive_len100_0.fasta,dna|repetitive|len100|i0,100,50,0,0.0002125999890267849,63909888,0.0016191000468097627,63909888,0.010046400013379753,63909888
dna_repetitive_len100_0.fasta,dna|repetitive|len100|i0,100,50,1,0.00021989998640492558,63909888,0.004157999996095896,63909888,0.00802300003124401,63909888
dna_repetitive_len100_0.fasta,dna|repetitive|len100|i0,100,50,2,0.0002237000153400004,63913984,0.0015912000089883804,63913984,0.007098999980371445,63913984
dna_repetitive_len100_0.fasta,dna|repetitive|len100|i0,100,50,3,0.00024910003412514925,63913984,0.0016134000034071505,63918080,0.008350600022822618,63918080
dna_repetitive_len100_0.fasta,dna|repetitive|len100|i0,100,50,4,0.00033459998667240143,63918080,0.0018511000089347363,63918080,0.008824099961202592,63918080
dna_repetitive_len100_0.fasta,dna|repetitive|len100|i0,100,50,5,0.00022599997464567423,63918080,0.001645199954509735,63918080,0.009776499995496124,63918080
dna_repetitive_len100_0.fasta,dna|repetitive|len100|i0,100,50,0,0.00022060004994273186,63918080,0.001588999992236495,63918080,0.0054484999855048954,63918080
dna_repetitive_len100_0.fasta,dna|repetitive|len100|i0,100,50,1,0.00022350001381710172,63918080,0.0016065000090748072,63918080,0.0062818999867886305,63918080
dna_repetitive_len100_0.fasta,dna|repetitive|len100|i0,100,50,2,0.00023780000628903508,63918080,0.0016407999792136252,63918080,0.007221899984870106,63918080
dna_repetitive_len100_0.fasta,dna|repetitive|len100|i0,100,50,3,0.0005570999928750098,63918080,0.0018221999634988606,63918080,0.00974010000936687,63922176
dna_repetitive_len100_0.fasta,dna|repetitive|len100|i0,100,50,4,0.00022569997236132622,63922176,0.001635399996303022,63922176,0.011416400026064366,63922176
dna_repetitive_len100_0.fasta,dna|repetitive|len100|i0,100,50,5,0.00024289998691529036,63926272,0.0016680999542586505,63926272,0.011628499953076243,63926272
dna_repetitive_len500_0.fasta,dna|repetitive|len500|i0,500,20,0,0.0004678000113926828,63926272,0.008501099946442991,63926272,0.024036599963437766,63930368
dna_repetitive_len500_0.fasta,dna|repetitive|len500|i0,500,20,1,0.0001947000273503363,63930368,0.0076966999913565814,63930368,0.027408600028138608,63930368
dna_repetitive_len500_0.fasta,dna|repetitive|len500|i0,500,20,2,0.0001750999945215881,63930368,0.0076567999785766006,63930368,0.03589649999048561,63930368
dna_repetitive_len500_0.fasta,dna|repetitive|len500|i0,500,20,3,0.0003850000211969018,63930368,0.007473600038792938,63930368,0.03289360000053421,63930368
dna_repetitive_len500_0.fasta,dna|repetitive|len500|i0,500,20,4,0.0001889999839477241,63934464,0.008717099961359054,63934464,0.03374390001408756,63934464
dna_repetitive_len500_0.fasta,dna|repetitive|len500|i0,500,20,5,0.00019390002125874162,63934464,0.008096800011117011,63934464,0.03516889997990802,63934464
dna_repetitive_len500_0.fasta,dna|repetitive|len500|i0,500,20,0,0.00046030001249164343,63934464,0.007715900021139532,63934464,0.030803200032096356,63938560
dna_repetitive_len500_0.fasta,dna|repetitive|len500|i0,500,20,1,0.00018050003563985229,63938560,0.009791600052267313,63938560,0.03091819997644052,63938560
dna_repetitive_len500_0.fasta,dna|repetitive|len500|i0,500,20,2,0.00018120004096999764,63938560,0.008705099986400455,63938560,0.03574500000104308,63938560
dna_repetitive_len500_0.fasta,dna|repetitive|len500|i0,500,20,3,0.00021349999587982893,63942656,0.00772809999762103,63942656,0.03168139996705577,63942656
dna_repetitive_len500_0.fasta,dna|repetitive|len500|i0,500,20,4,0.000179799972102046,63942656,0.015358499949797988,63942656,0.039450000040233135,63942656
dna_repetitive_len500_0.fasta,dna|repetitive|len500|i0,500,20,5,0.0001773000112734735,63942656,0.007694200030528009,63942656,0.04661550000309944,63942656
dna_repetitive_len500_0.fasta,dna|repetitive|len500|i0,500,20,0,0.0002112000365741551,63942656,0.007666399993468076,63942656,0.028476900013629347,63942656
dna_repetitive_len500_0.fasta,dna|repetitive|len500|i0,500,20,1,0.00023529998725280166,63946752,0.009873999981209636,63946752,0.025572900020051748,63946752
dna_repetitive_len500_0.fasta,dna|repetitive|len500|i0,500,20,2,0.00017590000061318278,63946752,0.0088186000357382,63946752,0.03180419997079298,63946752
dna_repetitive_len500_0.fasta,dna|repetitive|len500|i0,500,20,3,0.00027630000840872526,63946752,0.007768699957523495,63946752,0.03277460002573207,63946752
dna_repetitive_len500_0.fasta,dna|repetitive|len500|i0,500,20,4,0.0002090999623760581,63946752,0.00830889999633655,63946752,0.03384480002569035,63946752
dna_repetitive_len500_0.fasta,dna|repetitive|len500|i0,500,20,5,0.00019350001821294427,63946752,0.008733400027267635,63946752,0.038080900034401566,63946752
dna_repetitive_len500_0.fasta,dna|repetitive|len500|i0,500,50,0,0.0002470000181347132,63950848,0.008563200011849403,63950848,0.054375500010792166,63950848
dna_repetitive_len500_0.fasta,dna|repetitive|len500|i0,500,50,1,0.00031640002271160483,63983616,0.007966300006955862,63983616,0.07258129998808727,63983616
dna_repetitive_len500_0.fasta,dna|repetitive|len500|i0,500,50,2,0.00031019997550174594,63983616,0.007969999976921827,63983616,0.07526599999982864,63983616
dna_repetitive_len500_0.fasta,dna|repetitive|len500|i0,500,50,3,0.0002204999909736216,63983616,0.00819759996375069,63983616,0.07304540002951398,63983616
dna_repetitive_len500_0.fasta,dna|repetitive|len500|i0,500,50,4,0.0002193999825976789,63983616,0.007942199998069555,63983616,0.08379030000651255,63983616
dna_repetitive_len500_0.fasta,dna|repetitive|len500|i0,500,50,5,0.0003706999705173075,63983616,0.010774899972602725,63983616,0.08218640001723543,63983616
dna_repetitive_len500_0.fasta,dna|repetitive|len500|i0,500,50,0,0.0002267000381834805,63983616,0.007750499993562698,63983616,0.06576480000512674,63987712
dna_repetitive_len500_0.fasta,dna|repetitive|len500|i0,500,50,1,0.0006649999995715916,63987712,0.009615799994207919,63987712,0.05776029999833554,63987712
dna_repetitive_len500_0.fasta,dna|repetitive|len500|i0,500,50,2,0.00022359995637089014,63987712,0.008802499971352518,63987712,0.06818699999712408,63987712
dna_repetitive_len500_0.fasta,dna|repetitive|len500|i0,500,50,3,0.00022059999173507094,63987712,0.014613799983635545,63987712,0.08791330002713948,63991808
dna_repetitive_len500_0.fasta,dna|repetitive|len500|i0,500,50,4,0.0004810999962501228,63991808,0.008096600009594113,63991808,0.08549880003556609,63991808
dna_repetitive_len500_0.fasta,dna|repetitive|len500|i0,500,50,5,0.00023070001043379307,63991808,0.007922499964479357,63991808,0.08540310000535101,63991808
dna_repetitive_len500_0.fasta,dna|repetitive|len500|i0,500,50,0,5.069997860118747e-05,63991808,0.008140699996147305,63991808,0.05025319999549538,63995904
dna_repetitive_len500_0.fasta,dna|repetitive|len500|i0,500,50,1,0.0005120999994687736,63995904,0.007881800003815442,63995904,0.06344030000036582,63995904
dna_repetitive_len500_0.fasta,dna|repetitive|len500|i0,500,50,2,0.00021540001034736633,63995904,0.007969899976160377,63995904,0.06936130003305152,63995904
dna_repetitive_len500_0.fasta,dna|repetitive|len500|i0,500,50,3,0.0002324000233784318,63995904,0.009687000012490898,63995904,0.08645459997933358,63995904
dna_repetitive_len500_0.fasta,dna|repetitive|len500|i0,500,50,4,0.0002717000315897167,63995904,0.00847330002579838,63995904,0.09011039999313653,63995904
dna_repetitive_len500_0.fasta,dna|repetitive|len500|i0,500,50,5,0.00038110004970803857,63995904,0.009998300054576248,63995904,0.08064980001654476,63995904
